,Title,Genre,G_news,Vader,Polar,Subject,IMDB
0,Dulha Mil Gaya,3,0.6,0.44,-0.08,0.23,4.4
1,Pyaar Impossible!,3,0.45,-0.03,-0.5,0.84,4.7
2,Chance Pe Dance,3,0.65,0.14,0.04,0.2,4.7
3,Hello! Hum Lallan Bol Rahe Hain,3,0.55,0.0,0.0,0.0,6.3
4,The Waiting Room,11,0.4,-0.01,0.02,0.33,6.5
5,Veer,2,0.5,0.05,0.07,0.33,8.3
6,Ishqiya,3,0.6,0.43,0.53,0.76,7.3
7,Rann,4,0.5,0.1,0.11,0.36,7.0
8,Road to Sangam,4,0.5,-0.02,-0.02,0.09,7.6
9,The Hangman,10,0.4,0.07,0.06,0.33,6.7
10,Striker,6,0.65,0.21,0.16,0.34,8.2
11,My Name Is Khan,4,0.5,0.14,0.11,0.18,8.0
12,Sukhmani,4,0.55,0.22,0.11,0.35,5.7
13,Aakhari Decision,2,0.6,-0.3,0.0,0.0,6.0
14,Click,3,0.55,0.27,0.14,0.3,6.4
15,Toh Baat Pakki!,3,0.65,-0.19,0.19,0.44,5.3
16,Karthik Calling Karthik,4,0.5,0.06,0.02,0.34,7.0
17,Teen Patti,6,0.55,0.34,0.04,0.18,4.1
18,Atithi Tum Kab Jaoge?,3,0.55,0.0,0.0,0.0,6.4
19,Hello Zindagi,4,0.65,0.33,0.24,0.32,6.6
20,"Road, Movie",1,0.55,0.06,0.15,0.35,6.9
21,Rokkk,4,0.55,0.01,-0.02,0.48,4.5
22,Thanks Maa,6,0.6,0.53,0.24,0.36,7.9
23,Do Dilon Ke Khel Mein,3,0.55,0.0,0.0,0.0,5.8
24,Na Ghar Ke Na Ghaat Ke,3,0.5,-0.32,0.6,1.0,6.3
25,Right Yaaa Wrong,6,0.4,0.14,0.05,0.34,6.4
26,Trump Card,2,0.55,0.08,-0.03,0.35,2.7
27,Idiot Box,3,0.4,-0.29,-0.28,0.56,6.5
28,Lahore,2,0.4,0.07,0.11,0.43,6.4
29,Love Sex aur Dhokha,3,0.6,0.88,0.5,0.6,7.1
30,Shaapit,1,0.5,0.0,0.0,0.0,5.6
31,Hum Tum Aur Ghost,3,0.5,0.0,0.0,0.0,4.8
32,It's a Man's World,3,0.45,0.0,0.02,0.47,8.1
33,Mittal v/s Mittal,4,0.5,0.35,-0.07,0.39,4.8
34,My Friend Ganesha 3,8,0.7,0.0,0.0,0.0,4.4
35,Prem Kaa Game,3,0.6,0.0,0.0,0.0,3.7
36,Well Done Abba,3,0.55,0.47,0.13,0.23,7.3
37,Pankh,4,0.55,0.36,0.22,0.46,4.3
38,Tum Milo Toh Sahi,3,0.5,-0.51,0.2,0.2,5.7
39,Jaane Kahan Se Aayi Hai,3,0.55,0.0,0.0,0.0,4.1
40,The Japanese Wife,4,0.5,0.1,0.05,0.26,7.6
41,Paathshaala,4,0.55,0.48,0.57,0.73,5.0
42,Phoonk 2,4,0.5,0.15,0.04,0.33,3.3
43,Apartment,4,0.35,0.05,0.03,0.37,8.3
44,Bird Idol,8,0.55,0.14,-0.01,0.38,6.2
45,City of Gold,2,0.5,0.17,0.14,0.29,8.6
46,Kuchh Kariye,1,0.45,0.2,0.33,0.34,5.0
47,Muskurake Dekh Zara,3,0.5,0.0,0.0,0.0,4.3
48,Chase,5,0.5,0.13,0.1,0.36,7.0
49,Housefull,3,0.6,0.11,0.11,0.28,5.5
50,Badmaash Company,3,0.55,0.19,0.03,0.2,6.0
51,It's a Wonderful Afterlife,3,0.45,0.72,1.0,1.0,5.4
52,Admissions Open,3,0.65,0.26,0.13,0.42,3.0
53,Bumm Bumm Bole,4,0.55,0.0,0.0,0.0,6.1
54,Kushti,3,0.55,0.05,-0.01,0.12,4.3
55,Kites,2,0.7,0.11,0.16,0.31,4.4
56,Raajneeti,6,0.5,-0.05,0.07,0.32,7.2
57,Ek Second... Jo Zindagi Badal De?,4,0.5,0.0,0.0,0.0,3.5
58,Raavan,2,0.5,0.13,0.12,0.32,5.4
59,Krantiveer - The Revolution,2,0.5,0.0,0.0,0.0,5.1
60,Mr. Singh / Mrs. Mehta,4,0.5,0.0,0.0,0.0,4.5
61,I Hate Luv Storys,3,0.4,-0.48,-0.44,0.86,5.7
62,Milenge Milenge,4,0.55,0.12,0.08,0.33,4.1
63,Red Alert: The War Within,2,0.45,-0.36,0.2,0.3,6.5
64,Lamhaa,2,0.55,0.28,0.14,0.17,5.1
65,Tere Bin Laden,3,0.6,0.3,0.01,0.11,7.2
66,Udaan,4,0.45,0.14,0.12,0.35,8.2
67,Khatta Meetha,3,0.65,0.14,0.11,0.28,5.8
68,Once Upon a Time in Mumbaai,2,0.55,0.32,0.12,0.22,7.4
69,Aisha,3,0.55,0.14,0.14,0.27,5.0
70,Help,7,0.65,0.26,0.05,0.33,8.1
71,Peepli Live,9,0.55,0.07,0.09,0.47,7.4
72,Lafangey Parindey,2,0.55,0.18,0.05,0.05,5.3
73,Mr. Bhatti on Chutti,3,0.35,0.0,0.0,0.0,4.0
74,Antardwand,4,0.5,0.0,0.0,0.0,7.4
75,Life Express,4,0.5,0.13,0.11,0.42,4.9
76,Aashayein,4,0.55,0.34,0.34,0.58,7.2
77,Soch Lo,2,0.5,0.05,0.04,0.14,6.6
78,We Are Family,3,0.55,0.23,0.15,0.43,5.6
79,Mallika,7,0.5,0.14,0.1,0.3,4.4
80,The Film Emotional Atyachar,3,0.5,0.0,0.0,0.0,6.1
81,Dabangg,2,0.6,0.12,0.11,0.3,6.3
82,Robot,2,0.4,0.07,0.05,0.25,8.5
83,Anjaana Anjaani,3,0.65,0.29,0.1,0.35,5.8
84,Khichdi: The Movie,3,0.5,0.61,0.25,0.3,7.2
85,Crook,2,0.5,-0.07,-0.01,0.33,8.4
86,Do Dooni Chaar,3,0.6,0.47,0.32,0.45,7.6
87,Aakrosh,2,0.45,0.1,0.06,0.39,7.0
88,Knock Out,3,0.6,-0.03,0.01,0.3,5.0
89,Kajraare,6,0.5,0.0,0.0,0.1,3.0
90,Ramayana: The Epic,8,0.55,0.24,0.21,0.44,6.0
91,Hisss,3,0.65,0.03,0.03,0.22,3.0
92,Jhootha Hi Sahi,3,0.55,0.3,0.31,0.5,6.2
93,Rakta Charitra - I,2,0.55,0.0,0.0,0.0,6.4
94,Dunno Y... Na Jaane Kyon,4,0.45,0.46,0.15,0.55,3.8
95,Maalik Ek,6,0.5,-0.29,0.09,0.17,8.4
96,Nakshatra,6,0.55,0.07,0.09,0.24,5.6
97,Golmaal 3,2,0.55,0.1,-0.05,0.35,5.4
98,Action Replayy,3,0.5,0.41,0.21,0.28,4.2
99,A Flat,4,0.4,0.02,0.02,0.29,5.2
100,Ramaa: The Saviour,2,0.5,0.0,0.0,0.0,4.1
101,Guzaarish,4,0.7,0.22,0.14,0.37,7.5
102,"Shahrukh Bola ""Khoobsurat Hai Tu""",3,0.5,0.0,0.0,0.0,6.2
103,Allah Ke Banday,2,0.55,0.9,0.8,0.88,6.3
104,Bhindi Baazaar Inc.,6,0.35,0.0,0.0,0.0,6.2
105,Break Ke Baad,3,0.55,0.04,0.05,0.28,5.2
106,Khuda Kasam,2,0.5,0.18,0.24,0.56,4.1
107,Khelein Hum Jee Jaan Sey,2,0.55,0.51,0.0,0.0,5.9
108,Phas Gaye Re Obama,3,0.65,0.0,0.0,0.0,7.5
109,Rakta Charitra - II,2,0.5,0.0,0.0,0.0,6.4
110,Band Baaja Baaraat,3,0.45,0.1,0.12,0.16,7.2
111,No Problem,2,0.2,-0.34,0.07,0.28,4.2
112,Payback,2,0.45,-0.03,0.04,0.32,7.1
113,Kaalo,2,0.5,0.02,0.07,0.39,3.1
114,Mirch,3,0.6,0.11,0.08,0.29,6.6
115,Tees Maar Khan,3,0.5,0.23,0.08,0.38,2.6
116,Isi Life Mein,3,0.55,0.0,0.0,0.0,5.9
117,Toonpur Ka Super Hero,8,0.6,0.0,0.0,0.0,4.3
118,Tera Kya Hoga Johnny,6,0.55,0.0,0.0,0.0,6.2
119,Ada... A Way of Life,2,0.4,-0.42,-0.35,0.66,3.5
120,No One Killed Jessica,6,0.4,-0.71,0.06,0.31,7.2
121,Impatient Vivek,3,0.45,0.0,0.0,0.0,2.3
122,Yamla Pagla Deewana,2,0.6,0.5,0.45,0.46,3.5
123,Turning 30!!!,3,0.55,0.06,0.04,0.33,5.2
124,Mumbai Mast Kallander,2,0.5,0.0,0.0,0.0,5.8
125,Odyssey of Persistence,11,0.55,0.04,0.03,0.14,8.0
126,Dhobi Ghat,4,0.5,0.09,0.09,0.36,7.1
127,Hostel,7,0.4,0.12,0.11,0.35,5.9
128,Dil Toh Baccha Hai Ji,3,0.5,-0.32,0.3,0.5,5.7
129,Yeh Saali Zindagi,6,0.5,0.77,0.5,0.47,7.5
130,United Six,2,0.5,0.31,0.11,0.38,3.9
131,Utt Pataang,3,0.5,0.0,0.0,0.0,6.0
132,Patiala House,4,0.45,0.05,0.06,0.3,5.9
133,Angel,2,0.45,0.2,0.13,0.38,8.9
134,Aashiqui.in,4,0.5,0.23,0.12,0.33,7.0
135,7 Khoon Maaf,4,0.5,-0.03,-0.02,0.29,6.1
136,Kaccha Limbo,3,0.6,0.0,0.0,0.0,6.4
137,Masti Express,1,0.6,0.36,0.06,0.58,5.2
138,Tanu Weds Manu,3,0.65,0.16,0.14,0.34,6.7
139,Satrangee Parachute,3,0.5,0.0,0.0,0.0,5.6
140,Yeh Faasley,6,0.55,0.0,0.0,0.0,6.3
141,Happy Husbands,3,0.75,0.44,0.45,0.7,5.6
142,Monica,4,0.6,0.2,0.18,0.34,8.4
143,Game,4,0.6,0.19,-0.1,0.4,9.4
144,F.A.L.T.U,3,0.55,0.04,0.0,0.11,4.6
145,Memories in March,4,0.5,0.17,0.17,0.37,7.1
146,Thank You,3,0.8,0.49,0.15,0.24,4.7
147,Teen Thay Bhai,3,0.45,0.0,0.0,0.0,4.3
148,Dum Maaro Dum,2,0.6,0.09,0.18,0.44,6.2
149,Zokkomon,2,0.5,0.0,0.0,0.0,4.2
150,Shor in the City,6,0.5,0.0,0.1,0.3,7.3
151,Chalo Dilli,3,0.55,-0.09,0.02,0.08,6.8
152,I Am,6,0.5,0.07,0.07,0.38,6.8
153,Naughty @ 40,3,0.4,0.0,0.0,0.0,2.6
154,Luv Ka The End,3,0.55,-0.05,0.0,0.0,4.9
155,Haunted ?? 3D,7,0.5,0.0,0.0,0.0,6.3
156,Love U...Mr. Kalakaar!,4,0.6,0.0,0.0,0.0,5.8
157,Ragini MMS,4,0.55,0.18,0.01,0.44,5.0
158,Shagird,3,0.55,0.03,0.1,0.26,7.0
159,Stanley Ka Dabba,3,0.65,0.35,0.11,0.55,7.9
160,404,4,0.5,0.05,0.06,0.23,7.2
161,Pyar ka Punchnama,3,0.5,0.02,0.15,0.31,7.7
162,Kucch Luv Jaisaa,4,0.55,0.0,0.0,0.0,4.4
163,Ready,2,0.65,0.36,0.18,0.5,7.5
164,Shaitan,2,0.65,-0.04,0.06,0.32,7.3
165,Bheja Fry 2,3,0.5,0.0,0.0,0.0,4.7
166,Always Kabhi Kabhi,3,0.5,0.14,0.12,0.37,4.3
167,Bhindi Baazaar Inc.,6,0.35,0.0,0.0,0.0,6.2
168,Bin Bulaye Baraati,2,0.55,0.72,0.33,1.0,3.9
169,Double Dhamaal,3,0.5,0.0,0.09,0.12,3.8
170,Bbuddah... Hoga Terra Baap,2,0.55,0.0,0.0,0.0,5.6
171,Delhi Belly,2,0.55,0.07,0.06,0.21,7.6
172,Murder 2,2,0.15,-0.48,-0.04,0.33,6.0
173,Chillar Party,3,0.65,0.3,0.09,0.36,7.5
174,Zindagi Na Milegi Dobara,3,0.45,0.22,0.15,0.27,8.1
175,Singham,2,0.5,-0.11,0.1,0.28,6.8
176,Khap,4,0.5,0.07,0.08,0.18,5.8
177,Gandhi to Hitler,4,0.45,0.12,0.01,0.27,2.7
178,Bubble Gum,4,0.6,0.08,0.08,0.23,7.6
179,Chala Mussaddi... Office Office,3,0.6,0.0,0.0,0.0,6.1
180,I Am Kalam,3,0.55,0.2,0.08,0.36,8.0
181,Milta Hai Chance By Chance,3,0.6,0.0,0.0,0.0,6.7
182,Aarakshan,4,0.5,0.02,0.04,0.28,6.2
183,Phhir,4,0.55,-0.05,-0.02,0.47,5.4
184,Chatur Singh Two Star,2,0.5,0.0,0.0,0.0,1.8
185,Not a Love Story,6,0.8,0.31,0.2,0.52,5.0
186,Sahi Dhandhe Galat Bande,2,0.6,0.0,0.0,0.0,4.9
187,Chitkabrey ?? Shades of Grey,4,0.5,0.0,0.0,0.0,4.1
188,Shabri,2,0.5,0.07,0.01,0.27,5.7
189,Yeh Dooriyan,4,0.5,0.0,0.0,0.0,5.1
190,Bodyguard,6,0.4,0.04,0.07,0.3,8.2
191,Mummy Punjabi,3,0.5,-0.19,-0.31,0.7,5.7
192,That Girl in Yellow Boots,6,0.55,-0.28,-0.05,0.2,6.7
193,Mere Brother Ki Dulhan,3,0.55,0.28,-0.07,0.5,5.9
194,Rivaaz,6,0.55,0.32,0.16,0.43,4.3
195,Mausam,4,0.5,0.23,0.23,0.43,4.8
196,Speedy Singhs,3,0.55,0.0,0.0,0.0,5.8
197,U R My Jaan,6,0.65,0.42,0.25,0.38,6.0
198,Force,6,0.55,0.01,0.04,0.38,7.3
199,Hum Tum Shabana,3,0.55,0.0,0.0,0.0,4.0
200,Saheb Biwi Aur Gangster,2,0.4,0.39,0.15,0.64,4.5
201,Tere Mere Phere,3,0.4,0.0,0.0,0.0,5.4
202,Chargesheet,4,0.5,-0.12,0.05,0.22,6.3
203,Rascals,2,0.55,0.1,0.04,0.39,6.3
204,Love Breakups Zindagi,3,0.5,0.58,0.28,0.56,5.8
205,Mujhse Fraaandship Karoge,3,0.6,0.0,0.0,0.0,6.9
206,My Friend Pinto,3,0.65,0.52,0.39,0.3,5.3
207,Aazaan,2,0.5,0.1,0.2,0.34,4.5
208,Ra.One,2,0.55,0.1,0.08,0.25,4.8
209,Tell Me O Kkhuda,2,0.6,0.0,0.0,0.0,2.6
210,Damadamm!,3,0.5,0.0,0.0,0.0,4.2
211,Loot,3,0.5,0.05,0.06,0.36,7.5
212,Miley Naa Miley Hum,3,0.65,0.0,0.0,0.0,3.7
213,Rockstar,4,0.5,0.16,0.12,0.36,6.3
214,Shakal Pe Mat Ja,3,0.6,0.0,0.0,0.0,5.4
215,Desi Boyz,3,0.55,0.16,0.15,0.28,5.9
216,The Dirty Picture,6,0.55,-0.1,-0.12,0.58,6.6
217,Ladies vs Ricky Bahl,3,0.55,-0.06,0.05,0.07,6.0
218,Jo Hum Chahein,4,0.5,0.0,0.0,0.0,5.4
219,Don 2: The Chase Continues,2,0.6,-0.23,0.0,0.0,7.1
220,Players,6,0.5,0.23,0.22,0.37,7.5
221,Chaalis Chauraasi 4084,3,0.5,0.0,0.0,0.0,6.2
222,Ghost,4,0.3,-0.09,0.09,0.35,7.8
223,Sadda Adda,3,0.6,0.0,0.0,0.0,7.2
224,Agneepath,2,0.7,0.11,0.09,0.22,7.0
225,Gali Gali Chor Hai,3,0.45,0.02,0.12,0.24,5.2
226,Staying Alive,4,0.75,0.19,0.04,0.46,4.6
227,Love You To Death,4,0.45,0.17,0.27,0.52,6.4
228,Ek Main Aur Ekk Tu,3,0.5,0.0,0.18,0.29,5.8
229,Valentine's Night,6,0.55,0.26,0.19,0.43,2.7
230,Ekk Deewana Tha,4,0.65,0.84,0.36,0.56,5.9
231,Married 2 America,5,0.55,-0.09,0.05,0.37,4.3
232,Jodi Breakers,3,0.55,0.0,0.0,0.0,3.5
233,Tere Naal Love Ho Gaya,3,0.7,0.0,0.0,0.0,5.8
234,"London, Paris, New York",6,0.55,0.15,0.16,0.4,5.7
235,Paan Singh Tomar,2,0.55,0.08,-0.02,0.45,8.2
236,Will You Marry Me?,3,0.6,0.11,0.04,0.21,5.1
237,Kahaani,6,0.5,0.22,0.18,0.4,8.1
238,Chaar Din Ki Chandni,3,0.5,0.0,0.0,0.0,4.4
239,Say Yes to Love,6,0.6,0.53,0.21,0.51,6.2
240,Akkad Bakkkad Bam Be Bo,2,0.5,0.0,0.0,0.0,7.2
241,Zindagi Tere Naam,6,0.55,0.0,0.0,0.0,4.7
242,Agent Vinod,2,0.6,0.33,0.18,0.29,5.2
243,Blood Money,4,0.4,0.05,0.08,0.34,4.5
244,Bumboo,3,0.7,0.21,0.08,0.44,3.6
245,Housefull 2,2,0.55,-0.03,0.0,0.13,5.4
246,Bittoo Boss,6,0.55,0.0,0.0,0.0,4.2
247,Chhodo Kal Ki Baatein,4,0.6,-0.9,0.0,0.0,7.1
248,Vicky Donor,3,0.6,0.07,0.07,0.21,7.8
249,Hate Story,4,0.35,-0.29,-0.27,0.63,5.3
250,Tezz,2,0.65,0.08,0.11,0.35,3.9
251,Life Ki Toh Lag Gayi,3,0.35,0.0,0.0,0.0,5.6
252,Jannat 2,6,0.5,0.08,0.08,0.33,6.2
253,Fatso!,3,0.5,0.0,0.0,0.32,6.3
254,The Forest,6,0.55,0.05,0.11,0.37,4.8
255,Dangerous Ishq,6,0.55,-0.2,-0.14,0.6,4.0
256,Ishaqzaade,2,0.5,0.26,0.24,0.34,6.6
257,Department,2,0.55,0.04,0.04,0.34,7.1
258,Chhota Bheem And The Curse Of Damyaan,8,0.35,-0.61,0.04,0.24,6.4
259,Mr. Bhatti on Chutti,3,0.35,0.0,0.0,0.0,4.0
260,Arjun: The Warrior Prince,8,0.55,0.47,0.07,0.47,6.9
261,Rakhtbeej,5,0.55,0.01,0.5,0.5,3.1
262,Yeh Khula Aasmaan,6,0.5,0.0,0.0,0.0,6.9
263,"Love, Wrinkle-free",3,0.6,0.86,0.32,0.51,6.4
264,Rowdy Rathore,2,0.6,0.14,0.09,0.22,5.9
265,Shanghai,6,0.55,0.23,0.15,0.34,6.4
266,Ferrari Ki Sawaari,3,0.5,0.0,0.0,0.0,6.4
267,Qasam Se Qasam Se,6,0.45,0.13,0.03,0.3,4.6
268,Teri Meri Kahaani,3,0.55,0.26,0.39,0.52,4.8
269,Gangs of Wasseypur,2,0.45,0.13,0.08,0.26,8.2
270,Maximum,2,0.45,0.06,0.12,0.31,5.5
271,Bol Bachchan,2,0.45,0.05,0.15,0.27,5.5
272,3 Bachelors,3,0.5,0.07,0.06,0.33,5.3
273,Cocktail,3,0.55,0.16,0.1,0.34,5.9
274,Gattu,4,0.5,0.08,0.06,0.13,7.2
275,Challo Driver,3,0.55,0.0,0.0,0.0,6.1
276,Mere Dost Picture Abhi Baki Hai,3,0.55,0.08,-0.32,0.47,3.7
277,Kyaa Super Kool Hai Hum,3,0.55,0.0,0.0,0.0,5.0
278,Aalaap,6,0.5,0.34,0.13,0.43,5.8
279,Overtime,2,0.45,0.02,0.02,0.3,5.3
280,Jism 2,4,0.7,0.16,0.22,0.44,3.1
281,Krishna Aur Kans ,8,0.55,0.0,0.0,0.0,6.4
282,Gangs of Wasseypur ?? Part 2,2,0.5,0.0,0.0,0.0,8.2
283,Ek Tha Tiger,2,0.45,0.24,0.19,0.25,5.5
284,Shirin Farhad Ki Toh Nikal Padi,6,0.5,0.0,0.0,0.0,4.3
285,Jalpari: The Desert Mermaid,4,0.5,0.0,0.0,0.0,7.2
286,From Sydney with Love,3,0.55,0.52,0.24,0.48,6.2
287,I M 24,3,0.45,0.11,0.07,0.39,6.7
288,Raaz 3,7,0.5,0.11,0.17,0.37,4.1
289,Chal Pichchur Banate Hain,3,0.45,0.0,0.0,0.0,6.3
290,Barfi!,3,0.55,0.16,0.16,0.32,8.1
291,Jeena Hai Toh Thok Daal,4,0.5,0.0,0.0,0.0,6.0
292,Heroine,1,0.65,0.4,0.09,0.36,5.1
293,Kamaal Dhamaal Malamaal,3,0.4,0.0,0.0,0.0,4.2
294,Oh My God,3,0.5,0.31,0.05,0.32,6.3
295,English Vinglish,3,0.55,0.13,0.06,0.15,7.9
296,Kismet Love Paisa Dilli,1,0.75,0.0,0.0,0.0,4.4
297,Aiyyaa,3,0.45,-0.13,0.03,0.52,4.4
298,Login,4,0.5,0.12,0.08,0.34,6.2
299,Chittagong,2,0.4,0.07,0.05,0.2,7.2
300,Bhoot Returns,7,0.5,0.0,0.0,0.0,2.5
301,Student of the Year,3,0.55,0.1,0.1,0.34,2.1
302,Delhi Safari,8,0.65,-0.04,0.12,0.36,5.7
303,Chakravyuh,2,0.65,0.11,-0.03,0.26,6.9
304,Ajab Gazabb Love,3,0.8,0.86,0.25,0.32,4.3
305,Rush,2,0.5,0.04,0.08,0.32,8.1
306,Luv Shuv Tey Chicken Khurana,3,0.5,0.23,-0.41,0.91,6.6
307,1920: The Evil Returns,4,0.45,0.0,0.0,0.0,4.9
308,Ata Pata Laapata,3,0.45,0.0,0.0,0.0,5.6
309,Sons Of Ram,8,0.4,0.04,0.13,0.37,6.6
310,Future To Bright Hai Ji,4,0.65,0.0,0.0,0.0,6.2
311,Jab Tak Hai Jaan,4,0.6,0.38,0.25,0.39,6.8
312,Son Of Sardaar,2,0.55,0.01,0.11,0.45,4.0
313,Talaash,6,0.55,0.2,0.01,0.44,7.3
314,Khiladi 786,2,0.5,-0.1,-0.14,0.25,4.4
315,Cigarette Ki Tarah,6,0.6,0.0,0.0,0.0,4.2
316,Dabangg 2,2,0.55,0.15,0.28,0.36,4.9
317,Table No. 21,1,0.55,-0.15,0.03,0.32,7.1
318,Dehraadun Diary,5,0.55,0.0,0.0,0.0,5.8
319,Matru Ki Bijlee Ka Mandola,3,0.45,0.0,0.0,0.0,5.7
320,Gangoobai,4,0.45,0.0,0.0,0.0,7.6
321,Inkaar,4,0.5,0.05,0.09,0.34,9.5
322,Mumbai Mirror,2,0.5,0.03,0.06,0.17,5.2
323,Bandook,6,0.5,0.03,0.06,0.25,6.1
324,Race 2,2,0.6,0.17,0.1,0.39,5.3
325,Akaash Vani,4,0.65,0.36,0.5,0.5,6.3
326,Main Krishna Hoon,8,0.45,0.09,0.04,0.07,5.9
327,David,4,0.6,0.1,0.01,0.31,6.6
328,Vishwaroop,2,0.45,0.05,-0.02,0.24,8.3
329,Mai...,4,0.5,0.22,0.1,0.34,8.5
330,Listen... Amaya,4,0.45,0.37,0.14,0.39,6.8
331,Special 26,6,0.7,0.41,0.3,0.45,8.0
332,The Unsound,5,0.45,-0.07,0.05,0.35,5.0
333,Jayantabhai Ki Luv Story,2,0.45,0.0,0.0,0.0,5.4
334,Murder 3,4,0.1,-0.44,0.01,0.34,6.0
335,Kai Po Che!,4,0.5,-0.4,0.17,0.34,7.6
336,Zilla Ghaziabad,2,0.5,0.0,0.0,0.0,3.6
337,"I, Me, aur Main",3,0.55,0.13,0.1,0.43,4.7
338,Bloody Isshq,4,0.65,0.0,0.0,0.0,7.8
339,"Saheb, Biwi Aur Gangster Returns",2,0.35,0.0,0.0,0.0,6.8
340,Saare Jahaan Se Mehnga,3,0.6,0.0,0.0,0.0,7.1
341,Mere Dad Ki Maruti,3,0.55,-0.31,0.18,0.57,6.5
342,Jolly LLB,3,0.65,0.41,0.08,0.29,7.5
343,Rangrezz,2,0.7,0.15,0.06,0.25,5.3
344,Himmatwala,2,0.55,0.64,0.14,0.22,1.7
345,Chashme Baddoor,3,0.6,0.28,0.12,0.12,5.4
346,Nautanki Saala,3,0.6,-0.19,0.03,0.4,5.8
347,Commando-A One Man Army,2,0.55,0.0,0.0,0.0,6.1
348,Ek Thi Daayan,7,0.45,0.08,0.04,0.24,5.7
349,Aashiqui 2,4,0.55,0.13,0.06,0.4,7.0
350,Shree,6,0.5,-0.22,0.02,0.28,7.9
351,Shootout at Wadala,2,0.5,0.36,0.23,0.33,5.9
352,Bombay Talkies,4,0.55,0.1,-0.09,0.27,5.7
353,Chhota Bheem And The Throne of Bali,8,0.4,0.0,0.0,0.0,6.8
354,Go Goa Gone,2,0.55,0.05,0.04,0.17,6.6
355,Gippi,3,0.65,0.62,1.0,1.0,5.6
356,Aurangzeb,2,0.5,0.02,0.06,0.3,6.5
357,I Don't Luv U,6,0.6,0.17,0.12,0.42,6.6
358,Beehad - The Ravines,4,0.4,0.0,0.0,0.0,5.0
359,Ishkq in Paris,3,0.5,0.0,0.0,0.0,4.1
360,Hum Hai Raahi CAR Ke,3,0.65,0.0,0.0,0.0,3.3
361,Zindagi 50-50,3,0.55,0.3,0.19,0.44,2.8
362,Yeh Jawaani Hai Deewani,3,0.55,0.19,0.11,0.35,7.1
363,Yamla Pagla Deewana 2,2,0.55,0.64,1.0,0.3,3.5
364,Fukrey,3,0.5,0.26,0.11,0.24,6.9
365,Ankur Arora Murder Case,4,0.35,-0.03,0.47,0.63,6.5
366,Raanjhanaa,4,0.5,0.28,0.22,0.31,7.6
367,Enemmy,2,0.5,-0.42,-0.4,0.5,5.4
368,Ghanchakkar,3,0.45,0.01,0.0,0.0,5.7
369,Lootera,4,0.65,0.13,0.12,0.3,7.3
370,Policegiri,2,0.5,0.0,-0.03,0.11,4.2
371,Bhaag Milkha Bhaag,6,0.7,0.25,0.11,0.16,8.2
372,Sixteen,4,0.55,-0.02,0.03,0.36,7.1
373,B.A. Pass,6,0.5,0.06,0.02,0.39,6.5
374,Boyss Toh Boyss Hain,3,0.5,0.0,0.0,0.0,7.7
375,Ramaiya Vastavaiya,2,0.55,0.66,0.44,0.64,5.7
376,D Day,11,0.55,0.22,0.11,0.37,6.7
377,Ship of Theseus,4,0.55,0.04,0.07,0.31,8.0
378,Issaq,4,0.6,-0.02,0.03,0.26,4.6
379,Bajatey Raho,3,0.5,0.0,0.0,0.0,5.4
380,Luv U Soniyo,3,0.6,0.0,0.0,0.0,5.5
381,Nasha,4,0.5,0.04,0.05,0.39,3.2
382,Rabba Main Kya Karoon,3,0.55,0.0,0.0,0.0,4.5
383,Chor Chor Super Chor,3,0.65,0.22,0.12,0.66,6.7
384,Calapor,4,0.6,0.0,0.0,0.0,5.2
385,Love in Bombay,0,0.55,0.54,0.32,0.53,6.2
386,Chennai Express,2,0.55,-0.26,0.04,0.34,6.1
387,Once Upon Ay Time In Mumbai Dobaara!,2,0.5,0.0,0.0,0.0,4.8
388,Madras Cafe,2,0.5,0.23,0.14,0.42,7.7
389,Satyagraha,4,0.55,-0.17,0.18,0.3,6.0
390,Zanjeer,2,0.55,0.01,0.06,0.3,3.4
391,Shuddh Desi Romance,4,0.6,0.52,0.29,0.39,5.7
392,Siddharth,4,0.5,0.19,0.1,0.25,7.3
393,Grand Masti,3,0.6,0.42,0.35,0.76,4.4
394,John Day,4,0.5,0.17,0.15,0.37,5.7
395,Horror Story,7,0.25,-0.4,0.05,0.27,8.1
396,Phata Poster Nikla Hero,2,0.55,0.51,0.04,0.26,4.9
397,The Lunchbox,4,0.5,0.19,0.12,0.39,7.8
398,Maazii,5,0.45,0.25,0.29,0.64,6.7
399,Prague,4,0.55,0.11,0.11,0.3,6.8
400,Super Model,4,0.6,0.6,0.28,0.59,2.0
401,War Chhod Na Yaar,3,0.15,0.0,0.0,0.0,5.5
402,Baat Ban Gayi,3,0.55,-0.11,0.0,0.0,5.4
403,Paapi - Ek Satya Katha,6,0.5,0.0,0.0,0.0,4.0
404,Boss,6,0.55,0.04,0.06,0.41,8.4
405,Shahid,6,0.6,0.02,0.09,0.34,8.3
406,Wake Up India,4,0.5,-0.03,0.02,0.3,6.3
407,Amdavad Junction,6,0.45,0.0,0.0,0.0,4.8
408,Dilli Gang,5,0.4,-0.13,-0.14,0.23,7.4
409,Mickey Virus,3,0.45,-0.07,-0.2,0.3,6.1
410,Ishk Actually,6,0.45,0.25,-0.11,0.34,2.6
411,Sooper Se Ooper,3,0.6,0.0,0.0,0.0,4.4
412,Krrish 3,2,0.65,0.06,0.09,0.43,5.3
413,Satya 2,2,0.4,0.12,0.06,0.27,6.0
414,Rajjo,4,0.45,0.19,0.06,0.22,3.4
415,Goliyon Ki Rasleela Ram-Leela,4,0.55,0.67,0.0,0.07,6.4
416,Gori Tere Pyaar Mein,3,0.45,0.0,0.0,0.0,5.0
417,Singh Saab The Great,2,0.6,0.69,0.65,0.68,5.8
418,Bullett Raja,2,0.55,0.0,0.0,0.04,5.0
419,R... Rajkumar,2,0.45,0.16,0.14,0.27,5.2
420,What the Fish,1,0.6,0.12,0.15,0.36,5.2
421,Dhoom 3,2,0.45,0.16,0.05,0.38,5.4
422,Mr Joe B. Carvalho,2,0.5,0.44,0.4,0.4,3.7
423,Sholay 3D,2,0.55,0.0,0.0,0.0,7.7
424,Dedh Ishqiya,3,0.6,0.35,0.33,0.57,7.1
425,Yaariyan,4,0.5,0.19,0.18,0.34,2.7
426,Karle Pyaar Karle,2,0.45,0.89,0.82,1.0,3.0
427,Miss Lovely,6,0.45,0.61,0.39,0.61,6.6
428,Paranthe Wali Gali,4,0.55,0.0,-0.18,0.34,5.1
429,Strings Of Passion,4,0.5,0.54,0.41,0.41,6.9
430,Jai Ho,2,0.65,0.23,0.22,0.39,5.3
431,One by Two,3,0.5,0.08,0.08,0.36,4.2
432,Babloo Happy Hai,3,0.7,0.0,0.0,0.0,6.7
433,Hasee Toh Phasee,3,0.6,0.21,0.13,0.29,6.8
434,Heartless,4,0.3,-0.45,-0.04,0.41,6.0
435,Ya Rab,4,0.4,0.19,0.15,0.29,8.0
436,Gunday,2,0.55,0.2,0.15,0.27,2.2
437,Darr @ the Mall,7,0.5,0.0,0.0,0.0,5.0
438,Dee Saturday Night,3,0.5,0.14,0.06,0.41,8.1
439,Highway,4,0.45,0.02,0.04,0.27,7.0
440,Karar: The Deal,5,0.35,0.0,0.0,0.0,4.3
441,Anuradha,4,0.55,0.2,0.12,0.39,6.8
442,Shaadi Ke Side Effects,3,0.6,-0.1,-0.03,0.05,5.6
443,Gulaab Gang,2,0.5,0.0,0.0,0.0,6.1
444,Queen,3,0.5,0.15,0.13,0.34,7.9
445,Total Siyapaa,3,0.5,0.0,0.0,0.0,6.5
446,Bewakoofiyaan,3,0.55,0.0,0.0,0.0,5.5
447,W,4,0.4,0.08,0.07,0.28,9.7
448,Ankhon Dekhi,3,0.55,0.23,0.32,0.57,8.0
449,Gang of Ghosts,3,0.5,0.03,0.05,0.19,3.7
450,Lakshmi,4,0.6,0.2,0.11,0.43,8.1
451,Ragini MMS 2,7,0.55,0.12,0.07,0.53,3.9
452,Dishkiyaoon,2,0.6,-0.38,0.4,0.4,5.3
453,O Teri,3,0.55,0.23,0.18,0.34,6.0
454,Youngistaan,4,0.55,-0.02,0.07,0.23,5.2
455,Ebn-E-Batuta,6,0.6,0.0,0.0,0.0,4.5
456,Honour Killing,4,0.3,-0.25,0.02,0.3,2.3
457,Jal,4,0.5,0.12,0.1,0.39,6.7
458,Main Tera Hero,2,0.55,0.55,0.14,0.41,5.3
459,Bhoothnath Returns,3,0.55,0.0,0.0,0.4,6.8
460,2 States,3,0.55,0.12,0.09,0.34,6.7
461,Dekh Tamasha Dekh,3,0.55,0.02,0.09,0.32,6.1
462,Lucky Kabootar,3,0.6,0.42,0.33,0.83,5.5
463,Kaanchi...,4,0.55,0.0,0.0,0.0,4.6
464,Revolver Rani,2,0.5,-0.06,0.0,0.29,4.8
465,Samrat & Co.,6,0.45,0.72,0.46,0.74,6.4
466,Purani Jeans,4,0.6,0.16,0.13,0.3,6.2
467,Kya Dilli Kya Lahore,4,0.55,0.0,0.0,0.0,7.5
468,Angry Young Man,2,0.4,-0.37,-0.09,0.59,6.4
469,Kahin Hai Mera Pyar,4,0.5,0.0,0.0,0.0,6.5
470,Hawaa Hawaai,4,0.55,0.46,0.3,0.9,7.4
471,Khwaabb,4,0.55,0.0,0.0,0.0,5.6
472,Koyelaanchal,2,0.5,0.0,0.0,0.0,5.7
473,Manjunath,6,0.5,0.13,0.09,0.3,7.2
474,Yeh Hai Bakrapur,3,0.5,0.0,0.0,0.0,3.8
475,The Xpos??,6,0.5,-0.03,0.03,0.3,4.3
476,Children of War,4,0.3,-0.37,-0.01,0.34,6.8
477,Heropanti,2,0.65,0.13,0.19,0.36,5.3
478,Kochadaiiyaan,8,0.45,-0.04,0.04,0.14,6.5
479,City Lights,3,0.45,0.12,0.1,0.24,8.5
480,Kuku Mathur Ki Jhand Ho Gayi,3,0.45,0.0,0.0,0.0,5.4
481,Filmistaan,3,0.55,0.34,0.07,0.1,7.3
482,Holiday,3,0.65,0.36,0.08,0.35,5.8
483,Fugly,4,0.5,-0.12,-0.02,0.36,4.7
484,Machhli Jal Ki Rani Hai,7,0.55,0.0,0.0,0.0,3.0
485,Humshakals,3,0.5,-0.1,-0.05,0.35,1.8
486,Ek Villain,2,0.55,-0.12,0.2,0.34,6.5
487,Bobby Jasoos,3,0.5,0.0,0.0,0.0,5.5
488,Lekar Hum Deewana Dil,3,0.6,0.0,0.12,0.17,5.0
489,Humpty Sharma Ki Dulhania,3,0.5,0.41,0.2,0.37,6.1
490,Hate Story 2,4,0.4,-0.18,-0.17,0.54,4.4
491,Bazaar-E-Husn,4,0.55,0.0,0.0,0.0,5.0
492,Riyasat,6,0.6,0.06,0.08,0.24,6.5
493,Amit Sahni Ki List,3,0.5,0.23,0.5,0.5,5.5
494,Pizza,7,0.55,0.16,0.1,0.39,6.3
495,Kick,2,0.4,-0.04,0.04,0.26,8.0
496,Entertainment,4,0.7,0.26,0.13,0.36,5.7
497,Singham Returns,2,0.55,0.05,0.13,0.32,5.7
498,Life is Beautiful!,3,0.8,0.58,0.43,0.68,8.6
499,Mad About Dance,4,0.4,-0.13,-0.22,0.7,6.2
500,Mardaani,2,0.65,0.04,0.04,0.55,7.3
501,Mumbhai Connection,3,0.4,0.0,0.0,0.0,5.6
502,Abhinay Chakra,2,0.6,0.0,0.0,0.0,3.5
503,Raja Natwarlal,6,0.5,0.14,-0.02,0.11,6.1
504,Mary Kom,2,0.6,0.26,0.19,0.33,6.8
505,Creature,7,0.5,0.13,0.09,0.45,4.3
506,Finding Fanny,1,0.55,0.11,0.04,0.17,5.8
507,Daawat-E-Ishq,3,0.6,0.0,0.0,0.0,6.2
508,Khoobsurat,3,0.5,0.19,0.15,0.29,6.4
509,3 A.M.,6,0.55,0.06,0.06,0.38,5.9
510,Chaarfutiya Chhokare,4,0.55,0.0,0.0,0.0,6.3
511,Desi Kattey,2,0.6,0.0,0.0,0.0,4.4
512,Meinu Ek Ladki Chaahiye,3,0.55,0.0,0.0,0.0,3.5
513,Balwinder Singh Famous Ho Gaya,3,0.6,0.0,0.0,0.0,3.9
514,Bang Bang!,3,0.65,0.08,0.07,0.34,8.2
515,Haider,2,0.55,0.2,0.13,0.29,8.1
516,Jigariyaa,4,0.5,0.0,0.0,0.0,5.0
517,Ekkees Toppon Ki Salaami,3,0.5,0.0,0.0,0.0,6.2
518,Tamanchey,6,0.55,0.0,0.0,0.0,4.6
519,Mumbai 125 KM 3D,4,0.5,0.0,0.0,0.0,2.9
520,Sonali Cable,3,0.5,0.0,0.0,0.0,5.6
521,Happy New Year,3,0.55,0.59,0.4,0.65,5.1
522,Mumbai Can Dance Saala,4,0.6,0.0,0.0,0.0,2.8
523,Fireflies,4,0.5,0.17,0.15,0.32,7.0
524,Roar - Tigers of Sunderbans,2,0.5,0.0,0.0,0.0,5.7
525,Super Nani,3,0.6,0.55,0.26,0.51,8.5
526,Chaar Sahibzaade,8,0.55,-0.48,-0.16,0.29,8.3
527,Rang Rasiya,4,0.5,0.09,0.06,0.19,7.3
528,A Decent Arrangement,3,0.5,0.33,0.15,0.44,5.7
529,The Shaukeens,3,0.6,0.0,0.0,0.0,5.2
530,6 - 5 = 2,7,0.55,0.16,-0.01,0.32,6.1
531,Kill Dil,2,0.5,-0.33,0.08,0.28,4.4
532,Golu Aur Pappu,3,0.4,-0.44,0.0,0.25,4.5
533,Happy Ending,4,0.6,0.55,0.54,0.81,7.7
534,Titoo MBA,3,0.65,0.0,0.0,0.0,4.7
535,Wah Taj,4,0.55,0.1,0.19,0.31,6.1
536,Hum Hai Teen Khurafaati,3,0.5,0.0,0.0,0.0,7.0
537,Ungli,6,0.45,0.01,0.05,0.25,5.8
538,Zed Plus,3,0.4,0.18,0.09,0.46,6.4
539,Zid,6,0.45,0.05,0.02,0.19,4.4
540,Action Jackson,2,0.5,0.09,0.07,0.29,5.3
541,Bhopal: A Prayer for Rain,4,0.4,-0.04,0.12,0.25,7.3
542,Mumbai Delhi Mumbai,3,0.55,0.07,0.07,0.3,5.8
543,Sulemani Keeda,3,0.5,0.08,0.0,0.1,7.2
544,Take It Easy,4,0.6,0.35,0.23,0.67,7.8
545,Badlapur Boys,4,0.5,-0.27,-0.13,0.3,4.8
546,Main Aur Mr. Riight,3,0.55,0.0,0.0,0.0,5.7
547,Room - The Mystery,5,0.4,0.07,0.06,0.39,4.1
548,PK,3,0.4,0.07,0.07,0.22,8.2
549,Lingaa,2,0.45,-0.05,-0.06,0.36,5.8
550,Ugly,6,0.15,-0.36,-0.36,0.8,5.7
551,International Hero,2,0.65,0.25,0.04,0.25,5.6
552,Mumbai Can Dance Saala,4,0.6,0.0,0.0,0.0,2.8
553,Take It Easy,4,0.6,0.35,0.23,0.67,7.8
554,Tevar,2,0.75,0.2,0.14,0.33,4.2
555,Alone,6,0.4,-0.08,0.08,0.4,8.4
556,Crazy Cukkad Family,3,0.45,0.0,0.0,0.0,5.3
557,Sharafat Gayi Tel Lene,3,0.5,0.0,0.0,0.0,5.2
558,Baby,4,0.55,0.14,0.12,0.27,7.6
559,Dolly Ki Doli,3,0.5,-0.08,-0.01,0.34,4.6
560,Chal Guru Ho Ja Shuru,3,0.55,0.0,0.0,0.0,4.9
561,Hawaizaada,6,0.5,0.5,0.15,0.33,5.6
562,Khamoshiyan: Silences Have Secrets,4,0.55,0.0,0.0,0.0,4.1
563,Rahasya,6,0.4,0.12,0.12,0.22,7.6
564,Jai Jawaan Jai Kisaan,6,0.5,0.07,0.17,0.41,5.4
565,Shamitabh,4,0.5,-0.58,-0.18,0.49,6.8
566,MSG: The Messenger,2,0.5,0.07,0.08,0.22,6.6
567,Roy,2,0.45,0.12,0.09,0.38,6.6
568,Badlapur,2,0.5,0.02,0.07,0.26,7.5
569,Qissa,4,0.5,0.1,0.13,0.25,6.6
570,Ab Tak Chhappan 2,2,0.5,0.0,0.0,0.0,5.8
571,Dum Laga Ke Haisha,3,0.6,0.77,0.23,0.49,7.5
572,Badmashiyaan,3,0.6,0.0,0.0,0.0,4.7
573,Coffee Bloom,4,0.5,0.38,0.22,0.42,6.5
574,Dirty Politics,4,0.35,-0.31,-0.22,0.58,2.6
575,Hey Bro,2,0.55,0.18,0.1,0.29,3.4
576,NH10,2,0.55,0.43,0.05,0.41,7.2
577,Dilliwali Zaalim Girlfriend,3,0.45,0.0,0.0,0.0,3.8
578,Hunterrr,3,0.5,0.06,0.05,0.41,7.0
579,Barkhaa,4,0.4,-0.04,0.0,0.5,5.2
580,Detective Byomkesh Bakshy,2,0.5,0.32,0.21,0.25,7.6
581,Luckhnowi Ishq,4,0.55,0.0,0.0,0.0,6.6
582,Dharam Sankat Mein,3,0.45,0.0,0.0,0.12,6.3
583,Ek Paheli Leela,6,0.75,0.0,0.0,0.0,3.8
584,Court,4,0.65,0.0,-0.06,0.36,7.7
585,Margarita with a Straw,4,0.55,0.05,0.1,0.25,7.3
586,Mr. X,11,0.55,0.05,0.04,0.29,9.8
587,NH-8 Road to Nidhivan,7,0.5,0.0,0.0,0.0,2.9
588,Ishq Ke Parindey,6,0.55,0.0,0.0,0.0,6.8
589,Kaagaz Ke Fools,3,0.45,0.0,0.0,0.0,3.9
590,Gabbar is Back,2,0.55,0.13,0.04,0.14,7.2
591,Sabki Bajegi Band,3,0.5,0.0,0.0,0.0,5.4
592,Kuch Kuch Locha Hai,3,0.75,-0.11,-0.06,0.27,2.6
593,Piku,3,0.45,0.21,0.16,0.34,7.6
594,Bombay Velvet,2,0.6,0.17,0.08,0.39,5.7
595,Main Hoon Rajinikanth,3,0.55,0.6,0.17,0.33,7.2
596,Tanu Weds Manu Returns,3,0.55,0.0,-0.08,0.17,7.7
597,Ishqedarriyaan,6,0.6,0.65,0.3,0.35,4.8
598,P Se PM Tak,3,0.55,0.0,0.0,0.0,3.9
599,Welcome 2 Karachi,1,0.65,0.46,0.4,0.45,4.4
600,Dil Dhadakne Do,3,0.55,0.13,0.13,0.35,6.8
601,Mere Genie Uncle 3D,3,0.5,0.0,0.0,0.0,4.5
602,Hamari Adhuri Kahani,4,0.55,0.15,0.29,0.51,6.7
603,ABCD 2,6,0.55,0.23,0.11,0.31,5.6
604,Miss Tanakpur Haazir Ho ,3,0.4,0.0,0.0,0.0,5.4
605,Uvaa,3,0.5,0.15,0.0,0.0,4.9
606,Bezubaan Ishq,6,0.6,0.0,0.0,0.0,4.0
607,Guddu Rangeela,3,0.65,0.0,0.1,0.2,5.3
608,Second Hand Husband,3,0.4,0.16,0.03,0.18,4.1
609,Baahubali,2,0.45,0.25,0.1,0.36,8.1
610,I Love NY,3,0.8,0.51,0.28,0.54,3.9
611,Thoda Lutf Thoda Ishq,3,0.5,0.0,0.0,0.0,4.1
612,Bajrangi Bhaijaan,2,0.5,0.1,0.04,0.42,8.0
613,Aisa Yeh Jahaan,4,0.5,0.0,0.0,0.0,7.1
614,Masaan,4,0.65,0.2,0.19,0.31,8.1
615,Drishyam,6,0.4,0.24,0.18,0.33,8.3
616,Bangistan,3,0.45,0.16,0.16,0.27,4.6
617,All Is Well,4,0.6,0.24,0.04,0.34,3.8
618,Gour Hari Dastaan,6,0.65,0.0,0.0,0.0,7.5
619,Manjhi - The Mountain Man,1,0.6,0.07,0.15,0.24,8.0
620,Kaun Kitney Paani Mein,3,0.6,0.0,0.0,0.0,6.2
621,Phantom,2,0.5,0.05,0.1,0.34,7.3
622,Welcome Back,3,0.75,0.48,0.36,0.47,4.2
623,Hero,2,0.8,0.46,0.15,0.31,9.6
624,Sorry Daddy,2,0.5,-0.02,-0.2,0.78,5.4
625,Katti Batti,3,0.55,-0.04,-0.04,0.09,4.9
626,Meeruthiya Gangster,6,0.5,0.0,0.0,0.0,7.2
627,MSG-2:The Messenger,3,0.45,0.0,0.0,0.06,7.1
628,Kis Kisko Pyaar Karoon,3,0.55,0.0,0.0,0.0,5.7
629,Calendar Girls,3,0.5,0.29,0.18,0.41,6.9
630,Bhaag Johnny,2,0.6,0.0,0.0,0.0,5.1
631,Time Out,2,0.6,0.11,0.07,0.37,6.5
632,Singh Is Bliing,2,0.5,0.36,0.0,0.0,5.3
633,Talvar,6,0.5,0.18,0.29,0.42,8.2
634,Jazbaa,2,0.5,0.14,0.14,0.26,5.8
635,Bumper Draw,3,0.5,0.47,0.26,0.27,5.0
636,Chinar Daastaan-E-Ishq,6,0.5,0.0,0.0,0.0,6.9
637,Pyaar Ka Punchnama 2,3,0.6,0.0,0.0,0.0,7.3
638,Wedding Pullav,3,0.55,0.0,0.0,0.0,4.0
639,Shaandaar,3,0.55,0.28,0.23,0.36,3.7
640,Titli,2,0.55,0.13,0.07,0.36,7.6
641,Main Aur Charles,2,0.55,0.02,0.2,0.28,6.3
642,Once Upon A Time In Bihar,5,0.45,0.48,0.22,0.46,9.7
643,Guddu Ki Gun,3,0.35,0.0,0.0,0.0,4.8
644,Love Exchange,4,0.65,0.54,0.3,0.52,5.9
645,Four Pillars of Basement,2,0.55,0.78,0.47,0.7,4.4
646,Charlie Kay Chakkar Mein,5,0.5,0.0,0.0,0.0,4.6
647,Yaara Silly Silly,6,0.55,0.28,-0.1,0.57,5.7
648,Ranbanka,2,0.5,0.05,0.07,0.3,4.5
649,Prem Ratan Dhan Payo,2,0.55,0.1,0.01,0.25,4.6
650,X,6,0.55,0.12,0.09,0.28,6.1
651,Angry Indian Goddesses,3,0.3,-0.16,-0.18,0.7,6.9
652,Tamasha,3,0.55,0.07,0.08,0.38,7.2
653,Hate Story 3,4,0.45,-0.18,-0.12,0.53,4.5
654,Kajarya,4,0.5,0.0,0.0,0.0,6.6
655,The Silent Heroes,1,0.75,0.3,0.08,0.35,6.6
656,Bajirao Mastani,2,0.6,0.15,0.12,0.41,7.2
657,Dilwale,2,0.55,0.21,0.13,0.35,5.2
658,Monsoon Shootout,2,0.6,-0.38,0.0,0.0,6.5
659,Wazir,2,0.45,-0.01,0.08,0.28,7.1
660,Chalk n Duster,4,0.55,0.0,0.0,0.0,6.6
661,Rebellious Flower,6,0.5,0.31,0.2,0.48,6.5
662,Airlift,4,0.55,0.0,0.06,0.23,8.1
663,Jugni,4,0.5,0.19,0.12,0.26,6.1
664,Kyaa Kool Hain Hum 3,3,0.6,0.0,0.0,0.0,1.9
665,Saala Khadoos,2,0.6,0.0,0.0,0.0,7.6
666,Mastizaade,3,0.55,0.2,0.21,0.49,2.4
667,Sanam Teri Kasam,4,0.55,0.11,0.06,0.35,7.3
668,Ghayal Once Again,2,0.65,0.04,-0.11,0.22,6.5
669,Fitoor,4,0.7,0.16,0.17,0.36,5.4
670,Sanam Re,4,0.45,0.13,0.18,0.31,3.2
671,Direct Ishq,2,0.4,0.0,0.0,0.0,4.0
672,Ishq Forever,6,0.45,0.23,0.19,0.49,3.8
673,LoveShhuda,3,0.5,0.0,0.0,0.0,4.5
674,Neerja,6,0.7,0.2,0.1,0.26,7.7
675,Dhara 302,4,0.5,0.0,0.0,0.0,4.7
676,Aligarh,6,0.15,-0.05,0.07,0.18,7.8
677,Bollywood Diaries,4,0.6,0.07,0.12,0.25,6.0
678,Love Shagun,3,0.75,0.39,0.38,0.47,5.8
679,Tere Bin Laden: Dead or Alive,3,0.5,0.0,0.0,0.0,4.3
680,Zubaan,4,0.55,0.04,0.01,0.35,6.1
681,Jai Gangaajal,6,0.5,0.0,0.0,0.0,5.7
682,Global Baba,5,0.55,0.14,0.06,0.18,5.6
683,Teraa Surroor,2,0.55,0.0,0.0,0.0,2.8
684,Kapoor & Sons,3,0.55,0.11,0.13,0.22,7.7
685,Rocky Handsome,2,0.45,0.54,0.42,0.81,6.8
686,Ki & Ka,3,0.7,0.07,0.08,0.29,5.8
687,Love Games,5,0.75,0.53,0.25,0.49,4.4
688,The Blueberry Hunt,2,0.65,0.55,0.38,0.69,5.7
689,Fan,2,0.65,0.28,0.08,0.38,5.8
690,Nil Battey Sannata,4,0.55,0.28,0.22,0.49,8.4
691,Laal Rang,2,0.55,-0.04,0.03,0.45,8.1
692,Santa Banta Pvt Ltd,3,0.5,0.0,0.0,0.0,3.0
693,Baaghi,2,0.5,0.11,0.12,0.25,5.2
694,Shortcut Safari ,1,0.55,0.1,0.03,0.49,6.0
695,One Night Stand,4,0.5,0.12,0.11,0.33,3.1
696,Traffic,6,0.45,0.07,0.06,0.35,7.6
697,1920 London,7,0.5,0.16,0.12,0.3,4.1
698,Azhar,6,0.3,0.15,0.07,0.27,5.8
699,Buddha in a Traffic Jam,6,0.5,0.02,0.08,0.3,6.9
700,Dear Dad,4,0.75,0.43,0.11,0.41,6.5
701,Kaptaan,3,0.55,0.22,0.15,0.42,6.4
702,Sarbjit,6,0.4,0.02,0.09,0.35,7.3
703,Phobia,7,0.45,-0.2,0.07,0.39,6.9
704,Veerappan,2,0.4,0.03,0.03,0.32,5.3
705,Fredrick,2,0.45,0.13,0.07,0.26,5.0
706,Waiting,3,0.5,0.07,0.06,0.38,6.8
707,Housefull 3,2,0.6,0.07,0.01,0.22,5.2
708,Do Lafzon Ki Kahani,2,0.6,0.0,0.0,0.0,6.5
709,Dhanak,4,0.5,0.26,0.18,0.34,8.4
710,Te3n,4,0.5,0.53,0.48,0.65,7.2
711,Udta Punjab,2,0.55,0.2,0.16,0.37,7.8
712,Luv U Alia,6,0.75,0.15,-0.01,0.38,5.3
713,Raman Raghav 2.0,6,0.6,0.05,0.05,0.4,7.3
714,Junooniyat,4,0.45,0.27,0.43,0.66,4.4
715,7 Hours To Go,6,0.45,0.08,0.07,0.37,5.7
716,A Scandall,5,0.4,-0.19,-0.29,0.4,7.8
717,Rough Book,4,0.2,0.22,0.08,0.44,7.4
718,Shorgul,4,0.45,0.43,0.17,0.56,5.7
719,Dil Toh Deewana Hai,4,0.6,0.0,0.0,0.0,7.1
720,Sultan,2,0.55,0.15,0.11,0.22,7.1
721,Brahman Naman,3,0.5,0.0,0.0,0.0,5.6
722,Great Grand Masti,3,0.65,0.69,0.49,0.83,3.7
723,Madaari,1,0.5,0.19,0.2,0.43,7.6
724,Ishq Click,4,0.55,0.3,0.41,0.59,4.4
725,M Cream,1,0.55,0.04,0.03,0.33,7.2
726,Kabali,2,0.4,0.18,0.17,0.31,6.3
727,Dishoom,2,0.55,0.3,0.21,0.42,5.1
728,Love Ke Funday,3,0.65,0.0,0.0,0.0,7.2
729,The Legend of Michael Mishra,3,0.5,0.0,0.0,0.0,4.5
730,Fever,4,0.5,0.01,0.03,0.34,5.6
731,Hai Apna Dil Toh Awara,3,0.5,0.0,0.0,0.0,6.4
732,Mohenjo Daro,2,0.4,-0.02,0.03,0.25,5.8
733,Rustom,6,0.5,0.16,0.11,0.3,7.1
734,Happy Bhaag Jayegi,3,0.75,0.0,0.0,0.0,6.4
735,Waarrior Savitri,2,0.5,0.0,0.0,0.0,5.1
736,A Flying Jatt,2,0.4,0.0,0.02,0.13,3.3
737,Akira,8,0.8,0.17,0.07,0.32,8.1
738,Yea Toh Two Much Ho Gayaa,2,0.6,0.0,0.0,0.0,4.4
739,Island City,6,0.45,0.18,0.09,0.33,6.7
740,Baar Baar Dekho,3,0.55,0.1,0.08,0.37,5.3
741,Freaky Ali,3,0.6,-0.12,0.11,0.22,5.0
742,Raaz Reboot,7,0.45,0.44,0.37,0.26,4.6
743,Pink,4,0.55,0.14,0.03,0.37,8.2
744,Parched,4,0.6,0.09,0.04,0.31,8.7
745,Banjo,2,0.6,0.12,0.09,0.42,5.1
746,Days of Tafree,3,0.5,0.0,0.0,0.0,7.8
747,Wah Taj,4,0.55,0.1,0.19,0.31,6.1
748,M.S. Dhoni: The Untold Story,6,0.5,0.09,0.13,0.22,7.7
749,Mirzya,4,0.55,0.28,0.19,0.33,4.7
750,MSG: The Warrior Lion Heart,1,0.4,0.0,0.0,0.0,7.5
751,Tutak Tutak Tutiya,3,0.6,0.38,0.0,0.0,5.4
752,Anna ,2,0.55,0.13,0.11,0.3,6.9
753,Motu Patlu: King Of Kings,1,0.45,0.0,0.0,0.0,7.5
754,Beiimaan Love,4,0.7,0.0,0.0,0.0,2.8
755,Saat Uchakkey,3,0.5,0.0,0.0,0.0,5.7
756,Fuddu,3,0.65,0.01,0.06,0.31,5.6
757,Ek Tera Saath,7,0.55,0.0,0.16,0.59,5.7
758,Umrika,3,0.55,0.18,0.17,0.28,6.7
759,31st October,2,0.4,0.02,0.05,0.31,5.8
760,Shivaay,2,0.6,0.22,0.14,0.4,6.3
761,Ae Dil Hai Mushkil,4,0.5,0.16,0.11,0.28,5.8
762,Chaar Sahibzaade: Rise of Banda Singh Bahadur,8,0.5,-0.48,-0.16,0.29,8.4
763,Dongri Ka Raja,2,0.5,0.0,0.0,0.0,4.3
764,Ishq Junoon,6,0.65,0.47,0.36,0.36,4.5
765,Rock On 2,4,0.45,0.12,0.09,0.35,5.0
766,Tum Bin 2,4,0.6,0.0,0.38,0.46,4.9
767,Force 2,2,0.4,0.01,0.08,0.38,6.3
768,Dear Zindagi,4,0.65,0.43,0.19,0.36,7.6
769,Saansein,7,0.55,0.14,0.04,0.11,4.0
770,Moh Maya Money,6,0.6,0.0,0.0,0.0,5.7
771,Kahaani 2,6,0.5,0.32,0.17,0.28,6.6
772,Befikre,3,0.5,0.12,0.06,0.39,3.9
773,Wajah Tum Ho,4,0.5,0.26,0.1,0.29,4.4
774,Dangal,2,0.5,0.13,0.11,0.32,8.5
775,Haraamkhor,4,0.55,0.05,0.09,0.36,6.4
776,Ok Jaanu,4,0.6,0.28,0.35,0.39,5.2
777,Coffee with D,3,0.6,0.3,0.13,0.43,4.6
778,Kaabil,2,0.45,0.28,0.26,0.4,7.1
779,Raees,2,0.6,0.18,0.11,0.27,6.9
780,Jolly LLB 2,3,0.65,0.34,0.06,0.26,7.3
781,Hind Ka Napak Ko Jawab: MSG Lion Heart 2,2,0.5,0.0,0.0,0.0,7.0
782,Runningshaadi.com,3,0.55,0.0,0.0,0.0,6.8
783,The Ghazi Attack,2,0.45,-0.14,0.21,0.36,7.6
784,Irada,4,0.4,0.16,0.13,0.31,6.3
785,Chauhar,4,0.5,0.0,0.0,0.0,7.0
786,Rangoon,2,0.55,0.09,0.06,0.34,5.8
787,Wedding Anniversary,4,0.65,0.41,0.23,0.37,5.4
788,Mona Darling,7,0.55,0.55,0.12,0.3,5.2
789,Commando 2,2,0.45,-0.01,0.04,0.33,6.7
790,Jeena Isi Ka Naam Hai,4,0.55,-0.27,-0.1,0.0,5.6
791,Badrinath Ki Dulhania,3,0.5,0.29,0.22,0.51,6.2
792,Aa Gaya Hero,2,0.7,0.56,0.38,0.42,3.5
793,Trapped,6,0.35,-0.27,-0.02,0.25,7.6
794,Machine,2,0.5,0.02,0.09,0.29,7.7
795,Phillauri,3,0.5,0.17,0.12,0.38,6.1
796,Bhanwarey,3,0.5,0.64,0.5,0.6,7.5
797,Anaarkali of Aarah,4,0.55,0.3,0.4,0.6,6.5
798,Naam Shabana,2,0.5,0.38,0.31,0.52,6.3
799,Poorna: Courage Has No Limit,1,0.5,0.0,0.0,0.0,7.8
800,Laali Ki Shaadi Mein Laaddoo Deewana,3,0.5,0.0,0.5,0.5,3.9
801,Mirza Juuliet,4,0.55,0.0,0.0,0.0,5.1
802,Mukti Bhawan,3,0.45,0.35,0.45,0.53,7.2
803,Saanjh,4,0.6,0.24,0.26,0.35,8.4
804,Begum Jaan,2,0.5,0.08,0.1,0.19,5.6
805,Noor,4,0.5,0.13,0.08,0.32,7.7
806,Maatr,5,0.5,0.06,-0.05,0.2,4.5
807,Ajab Singh Ki Gajab Kahani,4,0.4,0.0,0.0,0.0,5.9
808,Mantostaan,4,0.5,0.0,0.0,0.0,6.1
809,Meri Pyaari Bindu,3,0.55,0.56,0.27,0.66,5.8
810,Sarkar 3,2,0.55,0.12,0.15,0.3,4.9
811,Half Girlfriend,4,0.65,0.09,-0.02,0.3,4.3
812,Jattu Engineer,3,0.5,0.03,0.1,0.78,6.1
813,Hindi Medium,3,0.5,0.16,0.12,0.3,7.8
814,Sachin: A Billion Dreams,6,0.55,0.44,0.03,0.18,8.7
815,Thodi Thodi Si Manmaaniyan,4,0.6,0.0,0.0,0.0,6.2
816,A Death in the Gunj,4,0.5,-0.34,0.1,0.26,7.5
817,Hanuman: Da' Damdaar,8,0.5,0.0,0.0,0.0,6.7
818,Sweetiee Weds NRI,3,0.55,0.0,0.0,0.0,4.0
819,Dobaara: See Your Evil,7,0.35,0.0,0.0,0.0,3.9
820,Flat 211,6,0.55,0.02,0.01,0.19,6.4
821,Dear Maya,4,0.6,0.29,0.08,0.2,5.0
822,Raabta,2,0.5,0.18,0.08,0.29,4.0
823,Behen Hogi Teri,3,0.6,0.0,0.0,0.0,5.5
824,G Kutta Se,4,0.5,0.0,0.0,0.0,8.3
825,Bank Chor,2,0.55,-0.14,-0.04,0.3,5.9
826,Tubelight,4,0.5,0.12,0.06,0.3,4.1
827,Ek Haseena Thi Ek Deewana Tha,4,0.45,0.0,0.0,0.0,5.0
828,Mom,3,0.45,0.05,0.08,0.32,7.2
829,Guest Iin London,3,0.55,0.0,0.0,0.0,5.5
830,Jagga Jasoos,2,0.5,0.07,0.11,0.29,6.4
831,Shab,4,0.55,0.23,0.2,0.39,6.3
832,Lipstick Under My Burkha,4,0.5,0.11,0.06,0.26,6.8
833,Munna Michael,2,0.45,0.07,0.11,0.17,3.4
834,Indu Sarkar,4,0.55,-0.16,0.0,0.38,6.0
835,Mubarakan,3,0.45,0.39,0.19,0.41,5.6
836,Gurgaon,6,0.35,0.08,0.12,0.27,6.6
837,Jab Harry Met Sejal,3,0.45,0.17,0.15,0.36,5.4
838,Toilet: Ek Prem Katha,3,0.55,0.21,0.0,0.17,7.3
839,Yeh Hai India,2,0.5,0.06,0.04,0.39,5.6
840,Bareilly Ki Barfi,3,0.45,0.28,0.2,0.49,7.5
841,A Gentleman,2,0.55,0.26,0.14,0.36,8.1
842,Babumoshai Bandookbaaz,2,0.45,0.0,0.0,0.0,7.0
843,Yadvi ?? The Dignified Princess,6,0.5,0.0,0.0,0.0,8.3
844,Qaidi Band,4,0.65,0.0,0.0,0.0,5.8
845,Baadshaho,2,0.45,0.02,0.12,0.32,5.0
846,Shubh Mangal Savdhan,3,0.55,-0.07,0.11,0.24,6.9
847,Poster Boys,3,0.5,-0.04,0.04,0.27,6.2
848,Daddy,11,0.85,0.11,0.1,0.27,6.4
849,Simran,6,0.5,0.24,0.19,0.25,5.4
850,Lucknow Central,2,0.55,-0.01,0.05,0.27,6.2
851,Patel Ki Punjabi Shaadi,3,0.55,0.0,0.0,0.0,3.7
852,Newton,4,0.5,0.01,0.09,0.26,7.7
853,Bhoomi,2,0.5,0.21,0.13,0.27,5.4
854,The Final Exit,7,0.5,0.17,0.04,0.63,6.1
855,Haseena Parkar,6,0.5,-0.3,0.02,0.27,4.2
856,Judwaa 2,2,0.5,0.12,0.1,0.19,3.9
857,Ranchi Diaries,5,0.5,0.0,0.0,0.0,7.4
858,Secret Superstar,4,0.55,0.11,-0.17,0.57,8.0
859,Golmaal Again,2,0.55,0.15,0.06,0.26,5.0
860,Jia aur Jia,4,0.55,0.26,0.13,0.62,4.8
861,Rukh,4,0.55,0.27,0.13,0.31,6.4
862,Ittefaq,6,0.5,0.14,0.11,0.25,7.4
863,The House Next Door,2,0.4,-0.04,0.06,0.23,6.8
864,Ribbon,4,0.5,0.19,0.03,0.41,6.9
865,Shaadi Mein Zaroor Aana,4,0.5,0.0,0.33,0.47,7.7
866,Qarib Qarib Singlle,3,0.5,0.32,0.0,0.25,7.0
867,Aksar 2,6,0.55,0.14,0.12,0.44,4.1
868,Panchlait,4,0.65,0.0,0.0,0.0,8.1
869,Tumhari Sulu,3,0.55,0.39,0.14,0.23,7.0
870,Dil Jo Na Keh Saka,6,0.6,0.0,0.0,0.0,6.9
871,Julie 2,4,0.6,0.12,0.1,0.29,2.8
872,Ajji,4,0.5,0.17,0.08,0.34,7.0
873,Kadvi Hawa,4,0.5,0.62,1.0,1.0,8.1
874,Tera Intezaar,6,0.7,0.32,0.06,0.24,1.9
875,Firangi,3,0.45,0.08,0.05,0.28,4.7
876,Fukrey Returns,3,0.55,0.27,0.0,0.0,6.5
877,Game Over,4,0.45,0.06,-0.11,0.42,8.0
878,Sallu ki Shaadi,6,0.55,0.0,0.0,0.0,4.1
879,Monsoon Shootout,2,0.6,-0.38,0.0,0.0,6.5
880,Tiger Zinda Hai,2,0.65,0.12,0.12,0.42,6.1
881,1921,7,0.5,0.06,0.1,0.27,4.3
882,Kaalakaandi,3,0.55,0.32,0.7,0.6,6.2
883,Mukkabaaz,2,0.6,0.29,0.17,0.59,8.1
884,My Birthday Song,5,0.7,0.37,0.28,0.51,5.5
885,Vodka Diaries,6,0.45,0.0,0.0,0.0,5.7
886,Nirdosh,4,0.65,0.04,0.05,0.28,4.1
887,Union Leader,4,0.5,-0.04,0.09,0.27,7.7
888,Padmaavat,4,0.55,0.08,0.09,0.36,7.0
889,Pad Man,3,0.5,0.22,0.1,0.28,8.0
890,Love Per Square Foot,3,0.55,0.56,0.43,0.65,7.2
891,Aiyaary,2,0.55,0.2,0.08,0.36,5.2
892,Kuchh Bheege Alfaaz,6,0.55,0.0,0.0,0.0,7.6
893,Jaane Kyun De Yaaron,4,0.5,0.0,0.0,0.0,4.3
894,Sonu Ke Titu Ki Sweety,3,0.6,0.23,0.19,0.25,7.1
895,Welcome To New York,4,0.6,0.53,0.43,0.63,5.4
896,Pari,6,0.45,0.11,0.1,0.24,8.0
897,Veerey Ki Wedding,3,0.45,0.0,0.35,0.55,3.1
898,Billu Ustaad,4,0.55,0.0,0.0,0.0,7.4
899,Hate Story 4,4,0.4,-0.3,-0.28,0.59,5.3
900,Dil Juunglee,3,0.55,0.0,0.0,0.0,4.2
901,3 Storeys,4,0.4,0.09,0.08,0.32,7.3
902,Note Pe Chot at 8/11,3,0.45,0.0,0.0,0.0,5.2
903,Raid,2,0.45,0.12,0.09,0.36,8.5
904,Raja Abroadiya,6,0.6,0.0,0.0,0.0,6.0
905,Hichki,3,0.55,0.26,0.21,0.38,7.5
906,Pareshaan Parinda,2,0.6,0.0,0.0,0.0,7.0
907,Baa Baaa Black Sheep,2,0.55,0.4,0.09,0.49,7.0
908,Shaadi Teri Bajayenge Hum Band,3,0.6,0.0,0.0,0.0,5.3
909,Baaghi 2,2,0.5,0.21,0.18,0.39,5.0
910,Blackmail,3,0.45,-0.03,0.06,0.29,7.0
911,October,4,0.4,0.17,0.07,0.24,7.5
912,Mercury,2,0.5,0.02,0.08,0.29,6.6
913,Zoo,4,0.55,0.13,0.14,0.31,6.9
914,Beyond the Clouds,4,0.55,0.23,0.13,0.35,7.0
915,Nanu Ki Jaanu,3,0.45,0.0,0.0,0.0,6.3
916,Daas Dev,4,0.55,0.0,0.0,0.0,5.1
917,Ishq Tera,4,0.45,0.15,0.08,0.32,5.4
918,102 Not Out,3,0.55,0.14,0.11,0.33,7.5
919,Omerta,2,0.6,0.03,0.09,0.3,7.0
920,Raazi,2,0.5,0.26,0.15,0.44,7.8
921,The Past,4,0.5,0.0,-0.05,0.38,8.0
922,Hope Aur Hum,3,0.6,0.6,0.04,0.3,6.4
923,High Jack,3,0.55,0.03,0.09,0.49,5.2
924,Khajoor Pe Atke,3,0.45,0.0,0.0,0.0,5.6
925,Parmanu: The Story Of Pokhran,2,0.55,0.0,0.25,0.75,7.7
926,One Night Out,5,0.5,0.16,0.07,0.36,6.8
927,Bioscopewala,4,0.6,0.62,0.0,0.0,7.8
928,Veere Di Wedding,3,0.6,0.15,0.04,0.33,3.2
929,Bhavesh Joshi Superhero,2,0.55,0.04,-0.04,0.4,7.6
930,Phamous,3,0.55,0.03,0.05,0.22,3.9
931,Race 3,2,0.65,0.13,0.06,0.35,2.1
932,Sanju,6,0.45,0.18,0.17,0.29,7.9
933,Soorma,6,0.5,0.14,0.1,0.36,7.4
934,When Obama Loved Osama,3,0.45,0.0,0.0,0.0,5.5
935,Dhadak,3,0.55,0.11,0.21,0.45,4.5
936,"Saheb, Biwi Aur Gangster 3",6,0.4,0.0,0.0,0.0,4.5
937,Nawabzaade,3,0.6,0.76,0.7,0.6,4.8
938,Fanney Khan,3,0.5,-0.08,0.1,0.23,4.5
939,Mulk,4,0.5,0.05,0.06,0.29,6.4
940,Brij Mohan Amar Rahe!,3,0.55,0.0,0.0,0.0,7.0
941,Laxmi and Tikli Bomb,4,0.5,0.0,0.0,0.0,7.1
942,Karwaan,3,0.55,0.39,0.24,0.41,7.5
943,Gold,1,0.55,0.15,0.1,0.29,7.4
944,Satyameva Jayate,2,0.6,0.25,0.02,0.31,5.7
945,Happy Phirr Bhag Jayegi,3,0.7,0.93,0.8,0.88,4.6
946,Genius,6,0.45,0.13,0.09,0.36,8.4
947,Yamla Pagla Deewana: Phir Se,2,0.5,0.0,0.0,0.0,5.2
948,Stree,3,0.55,0.13,0.15,0.33,7.7
949,Paltan,2,0.5,0.19,0.2,0.39,5.3
950,Laila Majnu,4,0.5,0.33,0.25,0.38,7.8
951,Halkaa,4,0.55,-0.05,-0.1,0.13,7.3
952,Manmarziyaan,6,0.45,0.31,0.21,0.41,6.9
953,Love Sonia,4,0.75,0.48,0.31,0.49,7.4
954,Turning Point,11,0.4,0.05,0.05,0.32,6.6
955,Kathor,4,0.55,0.09,0.0,0.17,6.4
956,22 Days,5,0.5,0.03,0.05,0.29,4.6
957,Mitron,3,0.5,0.17,0.18,0.36,7.0
958,Batti Gul Meter Chalu,4,0.5,0.03,0.04,0.27,6.3
959,Manto,6,0.6,0.05,0.12,0.3,7.4
960,Ishqeria,3,0.6,0.0,0.0,0.0,4.6
961,Sui Dhaaga,3,0.6,0.21,0.02,0.44,6.8
962,Pataakha,2,0.55,0.38,0.15,0.27,7.2
963,Andhadhun,6,0.6,0.23,0.2,0.35,8.4
964,Jalebi,4,0.6,0.14,0.17,0.29,6.3
965,Helicopter Eela,4,0.5,-0.03,-0.13,0.23,5.4
966,Maal road dilli,3,0.5,0.0,0.0,0.0,6.2
967,FryDay,3,0.6,0.25,0.18,0.38,5.7
968,Tumbbad,4,0.55,0.15,0.11,0.25,8.3
969,Namaste England,3,0.55,0.06,0.03,0.24,1.6
970,Badhaai Ho,3,0.55,0.35,0.19,0.42,8.0
971,Baazaar,6,0.4,0.52,0.33,0.4,6.6
972,5 Weddings,3,0.6,0.34,0.17,0.42,3.2
973,Kaashi in Search of Ganga,5,0.55,0.0,0.0,0.0,6.8
974,Dassehra,2,0.45,0.38,-0.06,0.22,4.1
975,The Journey of Karma,4,0.55,0.2,0.13,0.36,6.5
976,Lupt,7,0.45,0.05,0.17,0.49,6.7
977,Jack and Dil,3,0.5,0.0,0.0,0.06,5.8
978,Thugs of Hindostan,2,0.5,0.03,0.04,0.28,4.0
979,Mohalla Assi,3,0.5,0.0,0.0,0.0,7.0
980,Pihu,4,0.35,0.12,0.13,0.42,6.7
981,Hotel Milan,3,0.55,0.23,0.15,0.38,3.7
982,Bhaiaji Superhit,2,0.45,0.0,0.0,0.0,4.3
983,Rajma Chawal,3,0.5,0.2,0.19,0.4,5.7
984,Kedarnath,4,0.4,-0.06,0.12,0.39,6.0
985,PK Lele A Salesman,3,0.55,0.0,0.0,0.0,5.4
986,Zero,3,0.55,0.08,0.03,0.34,5.7
987,Simmba,2,0.55,0.2,0.14,0.35,6.3
988,Uri: The Surgical Strike,2,0.55,0.09,0.14,0.27,8.6
989,Battalion 609,6,0.55,0.0,0.35,0.55,4.6
990,The Accidental Prime Minister,6,0.5,0.12,0.13,0.25,6.2
991,Why Cheat India,6,0.4,-0.22,0.07,0.3,6.2
992,Fraud Saiyaan,3,0.25,-0.74,0.0,0.0,4.2
993,Soni,4,0.5,0.07,0.1,0.27,7.2
994,72 Hours: Martyr Who Never Died,2,0.6,0.0,0.0,0.0,5.6
995,Bombairiya,3,0.4,0.21,0.7,0.85,4.4
996,Rangeela Raja,3,0.45,0.0,0.03,0.13,3.2
997,The Lift Boy,3,0.55,0.12,0.05,0.33,7.6
998,Thackeray,6,0.5,0.16,0.09,0.23,5.2
999,Manikarnika: The Queen of Jhansi,2,0.6,0.02,0.14,0.3,6.6
1000,Ek Ladki Ko Dekha Toh Aisa Laga,3,0.65,0.22,0.11,0.46,5.5
1001,The Fakir of Venice,4,0.5,-0.08,0.19,0.52,5.2
1002,Amavas,7,0.45,0.13,0.03,0.31,3.4
1003,Gully Boy,4,0.55,0.12,0.07,0.3,8.3
1004,Hum Chaar,4,0.6,-0.04,-0.03,0.42,7.2
1005,Total Dhamaal,2,0.55,0.2,0.06,0.56,4.4
1006,Luka Chuppi,3,0.5,0.18,0.16,0.39,6.4
1007,Sonchiriya,2,0.5,0.04,0.16,0.53,7.5
1008,Badla,6,0.5,0.19,0.12,0.32,8.1
1009,Hamid,4,0.4,0.16,0.11,0.39,7.8
1010,Photograph,4,0.55,0.11,0.12,0.32,6.9
1011,Milan Talkies,4,0.65,0.23,0.01,0.2,4.7
1012,Mere Pyare Prime Minister,4,0.5,-0.01,-0.05,0.63,6.8
1013,Kesari,2,0.45,-0.07,-0.18,0.61,7.6
1014,Mard Ko Dard Nahi Hota,2,0.55,0.3,0.22,0.43,7.5
1015,Notebook,4,0.5,0.12,0.08,0.26,7.9
1016,Junglee,2,0.5,0.13,0.08,0.26,5.6
1017,Romeo Akbar Walter,2,0.55,0.13,0.08,0.38,6.7
1018,Setters,5,0.4,0.17,0.1,0.43,8.5
1019,Kalank,4,0.35,0.13,0.11,0.38,3.6
1020,Blank,2,0.5,0.08,0.07,0.18,7.5
1021,Student of the Year 2,3,0.55,0.11,0.11,0.33,2.1
1022,De De Pyaar De,3,0.55,0.14,0.2,0.29,7.0
1023,India's Most Wanted,2,0.45,0.03,0.36,0.49,3.5
1024,Bharat,2,0.5,0.03,0.04,0.34,5.9
1025,Kabir Singh,2,0.6,0.22,0.15,0.34,8.5
1026,Drive,6,0.5,0.06,0.07,0.37,7.3
1027,Dream Girl,3,0.5,0.33,0.09,0.35,6.5
1028,Street Dancer,4,0.55,0.04,0.06,0.25,5.7
